POST_ID,POST_TITLE,POST_PERMALINK,POST_URL,POST_SCORE,POST_NUM_COMMENTS,POST_CREATED_TIMESTAMP,POST_SUBREDDIT,POST_UPVOTE_RATIO,AUTHOR_USERNAME,AUTHOR_KARMA,AUTHOR_ACCOUNT_AGE,POST_TYPE,POST_TEXT_CONTENT
vv3fhf,This will be a historical photo. The aftermath of storming the president's residence,https://www.reddit.com/r/srilanka/comments/vv3fhf/this_will_be_a_historical_photo_the_aftermath_of/,https://i.redd.it/d58mnker3ka91.jpg,1102,57,1657378525.0,srilanka,1.0,Lankaner,47202,1903.1605185268047,image,
juj2j1,Drew Lo-fi girl for Sri Lanka,https://www.reddit.com/r/srilanka/comments/juj2j1/drew_lofi_girl_for_sri_lanka/,https://i.redd.it/hqc2okzmcdz51.png,1054,142,1605430911.0,srilanka,1.0,Ijbfhh,3221,2197.1162592675455,image,
vvg3nt,You guys are something else! Good luck to you!,https://www.reddit.com/r/srilanka/comments/vvg3nt/you_guys_are_something_else_good_luck_to_you/,https://i.redd.it/umvuyvza0na91.jpg,887,44,1657415811.0,srilanka,0.99,ReadTheBookPal,4516,491.66614352680466,image,
j303w6,This made my whole day (source: Twitter),https://www.reddit.com/r/srilanka/comments/j303w6/this_made_my_whole_day_source_twitter/,https://i.redd.it/qjlmbda8aeq51.jpg,813,17,1601519513.0,srilanka,1.0,sachezz,5382,1216.2990486193974,image,
ts8y67,"Indian Foreign Minister Jaishankar visits petrol sheds fuel queues to assess situation, before any Sri Lankan MP does",https://www.reddit.com/r/srilanka/comments/ts8y67/indian_foreign_minister_jaishankar_visits_petrol/,https://pbs.twimg.com/media/FO7Oh5fXMAMHIGl.jpg,748,256,1648653967.0,srilanka,1.0,asdafaz,445,,image,
tf6nwi,A Picture from Cost of Living Protest Yesterday,https://www.reddit.com/r/srilanka/comments/tf6nwi/a_picture_from_cost_of_living_protest_yesterday/,https://i.redd.it/9aez14lllnn81.jpg,721,111,1647396343.0,srilanka,0.99,Putha,65532,3210.5695578786567,image,
npaz0q,Rajapakse ðŸ¤£ðŸ¤£,https://www.reddit.com/r/srilanka/comments/npaz0q/rajapakse/,https://i.redd.it/vx2tpzjo9i271.jpg,707,22,1622488461.0,srilanka,0.99,ZirkonX,39149,2024.3410162119899,image,
wflhmh,I made a Tolkien-style map of Sri Lanka,https://www.reddit.com/r/srilanka/comments/wflhmh/i_made_a_tolkienstyle_map_of_sri_lanka/,https://www.reddit.com/gallery/wflhmh,656,73,1659569335.0,srilanka,1.0,limesnewroman,3050,,gallery,
s4h1mb,This foreigner collected all the masks thrown on the road between Dalawella to Mihiripenna beaches.,https://www.reddit.com/r/srilanka/comments/s4h1mb/this_foreigner_collected_all_the_masks_thrown_on/,https://i.redd.it/n6h6gahiqtb81.jpg,655,37,1642240567.0,srilanka,0.99,Ehansaja,1085546,3194.8686088045824,image,
12kfmqe,Elephant Mom Saving her Calf from a Crocadile in Yala - Sri Lanka (VC : Dhananjaya Naranbadda),https://www.reddit.com/r/srilanka/comments/12kfmqe/elephant_mom_saving_her_calf_from_a_crocadile_in/,https://v.redd.it/4rkaux0fplta1,614,40,1681369706.0,srilanka,1.0,Putha,65532,3210.5695578786567,video,
bfsinq,"Didnâ€™t know what to say about the attacks, so I drew this.",https://www.reddit.com/r/srilanka/comments/bfsinq/didnt_know_what_to_say_about_the_attacks_so_i/,https://i.imgur.com/3zgK4r1.jpg,614,6,1555874566.0,srilanka,0.96,,,,image,
tv2yh6,Not included.,https://www.reddit.com/r/srilanka/comments/tv2yh6/not_included/,https://i.redd.it/boo0ebkde9r81.jpg,606,43,1648967886.0,srilanka,1.0,Ehansaja,1085546,3194.8686088045824,image,
uketjy,Sri Lankan and proud ðŸ’ª,https://www.reddit.com/r/srilanka/comments/uketjy/sri_lankan_and_proud/,https://i.redd.it/7fc6b11pg2y81.jpg,603,75,1651934775.0,srilanka,0.98,dinotorrin,2938,1230.1277986193973,image,
jjh0mv,I drew a Sri Lankan version of Kimi no Na wa (Your name) anime,https://www.reddit.com/r/srilanka/comments/jjh0mv/i_drew_a_sri_lankan_version_of_kimi_no_na_wa_your/,https://www.reddit.com/gallery/jjh0mv,599,77,1603857990.0,srilanka,0.99,devnithw,19760,1150.136965286064,gallery,
ov69bn,"Hi folks, here's my mixed media ""Sri Lankan Leopard"" drawing I completed in January, thought you might like to see it. Happy Saturday! :)",https://www.reddit.com/r/srilanka/comments/ov69bn/hi_folks_heres_my_mixed_media_sri_lankan_leopard/,https://i.redd.it/whgxn1jpkje71.jpg,561,97,1627734458.0,srilanka,1.0,,,,image,
xan5p9,"Rajapaksa simps and British simps ironically have a lot in common, they've just pledged their loyalties to two different groups LOL",https://www.reddit.com/r/srilanka/comments/xan5p9/rajapaksa_simps_and_british_simps_ironically_have/,https://i.redd.it/6e9hkgabp0n91.jpg,548,128,1662809666.0,srilanka,0.94,DaBigFloppa,9577,392.098851860138,image,
nd99gw,Online class,https://www.reddit.com/r/srilanka/comments/nd99gw/online_class/,https://i.redd.it/k8m01a5utcz61.jpg,534,29,1621115053.0,srilanka,1.0,ElvishBlackSmith,251822,3167.6793958416197,image,
uvr1ab,Sri Lankan Choreographers with a hybrid hip-hop and bharathanatayam,https://www.reddit.com/r/srilanka/comments/uvr1ab/sri_lankan_choreographers_with_a_hybrid_hiphop/,https://v.redd.it/wlgaodvn85191,525,64,1653275992.0,srilanka,0.98,SinkingRubberDucky,10148,1986.5373819527306,video,
vw8qbf,Teaching USA,https://www.reddit.com/r/srilanka/comments/vw8qbf/teaching_usa/,https://i.redd.it/qeytuwsjgwa91.jpg,511,47,1657510110.0,srilanka,0.96,drexskywalker_,26043,1296.1348703786566,image,
pe9lwr,Can you guys believe it a Sri Lankan now has a world record in para javelin. Dinesh Priyantha Herath remember the name ðŸ¥³,https://www.reddit.com/r/srilanka/comments/pe9lwr/can_you_guys_believe_it_a_sri_lankan_now_has_a/,https://i.redd.it/oqagzjrhuek71.jpg,510,41,1630292297.0,srilanka,0.99,Cutiesf,33683,1075.7166759342122,image,
ljjge6,Love is Everywhere PC: unknown,https://www.reddit.com/r/srilanka/comments/ljjge6/love_is_everywhere_pc_unknown/,https://i.redd.it/gymbuqon4eh61.jpg,511,15,1613285534.0,srilanka,0.99,Putha,65532,3210.5695578786567,image,
11z6vu0,50 years ago Sri Lanka. 1973,https://www.reddit.com/r/srilanka/comments/11z6vu0/50_years_ago_sri_lanka_1973/,https://www.reddit.com/gallery/11z6vu0,511,70,1679541113.0,srilanka,0.99,ordinary-peasent,6204,369.965564823101,gallery,
nypx66,To fill their pockets,https://www.reddit.com/r/srilanka/comments/nypx66/to_fill_their_pockets/,https://i.redd.it/v6bpkfp43z471.jpg,503,16,1623563775.0,srilanka,0.98,sonicdash2129,4701,1118.2507731564342,image,
ls19tn,I haven't drunk one in ages,https://www.reddit.com/r/srilanka/comments/ls19tn/i_havent_drunk_one_in_ages/,https://i.redd.it/gkek73mxwkj61.jpg,504,53,1614239381.0,srilanka,0.99,SinCitySizzler,14504,1051.7050324156935,image,
zmbr0g,Told Ai to create Sigiri Apsarawo - generated via midjourney,https://www.reddit.com/r/srilanka/comments/zmbr0g/told_ai_to_create_sigiri_apsarawo_generated_via/,https://i.redd.it/zvu5gr4vlz5a1.png,504,65,1671077520.0,srilanka,0.96,j_m_v_r_p,2480,,image,
jhvsjo,"Take that , America",https://www.reddit.com/r/srilanka/comments/jhvsjo/take_that_america/,https://i.redd.it/jzg7t2ywk9v51.jpg,500,47,1603641810.0,srilanka,0.99,cuphead1234,40180,1563.2066296379157,image,
x656vh,My Uber driver is really spreading his bets.,https://www.reddit.com/r/srilanka/comments/x656vh/my_uber_driver_is_really_spreading_his_bets/,https://i.redd.it/9xqncvy3hyl91.jpg,494,53,1662346842.0,srilanka,0.99,SinkingRubberDucky,10148,1986.5373819527306,image,
n49zcw,Thunderstorm in Colombo,https://www.reddit.com/r/srilanka/comments/n49zcw/thunderstorm_in_colombo/,https://i.redd.it/tfx9l7nxkzw61.jpg,491,26,1620082991.0,srilanka,0.99,ElvishBlackSmith,251822,3167.6793958416197,image,
12bc100,The Batman(Christian Bale ) visits Sri lanka,https://www.reddit.com/r/srilanka/comments/12bc100/the_batmanchristian_bale_visits_sri_lanka/,https://www.reddit.com/gallery/12bc100,475,44,1680593838.0,srilanka,0.98,RandomSrilankan,3617,171.53162963791578,gallery,
klpr2z,I redesigned some famous Sri Lankan logos.,https://www.reddit.com/r/srilanka/comments/klpr2z/i_redesigned_some_famous_sri_lankan_logos/,https://www.reddit.com/gallery/klpr2z,469,97,1609158850.0,srilanka,0.99,kalawadda,2089,1155.7962476934713,gallery,
q9cq66,I visited Sri Lanka 3 years ago and I still thinking about these <3,https://www.reddit.com/r/srilanka/comments/q9cq66/i_visited_sri_lanka_3_years_ago_and_i_still/,https://i.redd.it/6zypprvrktt71.jpg,456,69,1634393297.0,srilanka,1.0,sopadebombillas,387874,1045.1816296379159,image,
jv6f16,First female pilots of Sri Lanka Air Force,https://www.reddit.com/r/srilanka/comments/jv6f16/first_female_pilots_of_sri_lanka_air_force/,https://i.redd.it/8x08tnv3plz51.jpg,438,23,1605531935.0,srilanka,0.99,ElvishBlackSmith,251822,3167.6793958416197,image,
vv195p,Never underestimate the power of the people ðŸ‡±ðŸ‡°âœŠ,https://www.reddit.com/r/srilanka/comments/vv195p/never_underestimate_the_power_of_the_people/,https://www.reddit.com/gallery/vv195p,429,4,1657371736.0,srilanka,0.99,dulanuh,13960,2039.055101860138,gallery,
t6gm7h,Gota is James Bond,https://www.reddit.com/r/srilanka/comments/t6gm7h/gota_is_james_bond/,https://i.redd.it/qfu9gn4ancl81.jpg,431,25,1646392035.0,srilanka,1.0,ThePizzaDeliveryBoy,19464,4029.0883426008786,image,
tuymal,Konnichiwa! ðŸ‘‹,https://www.reddit.com/r/srilanka/comments/tuymal/konnichiwa/,https://i.redd.it/djbi6i1058r81.jpg,430,14,1648952567.0,srilanka,0.99,Ehansaja,1085546,3194.8686088045824,image,
nf8jha,Kandy in the morning ain't bad either,https://www.reddit.com/r/srilanka/comments/nf8jha/kandy_in_the_morning_aint_bad_either/,https://i.redd.it/sywrbizh9vz61.jpg,433,28,1621338244.0,srilanka,1.0,DemonKing2380,1949,2172.904037045323,image,
11d70h7,This is how some tea gatherers travel. Why these tea estate owners are this evil?,https://www.reddit.com/r/srilanka/comments/11d70h7/this_is_how_some_tea_gatherers_travel_why_these/,https://i.redd.it/0uzax49u1pka1.jpg,427,92,1677487633.0,srilanka,0.97,nirnamous,1510,311.3595115823602,image,
10xmuqd,R rated anime for Sri Lankans ðŸ™‡ based on Ravana mythology (Ai gen ),https://www.reddit.com/r/srilanka/comments/10xmuqd/r_rated_anime_for_sri_lankans_based_on_ravana/,https://www.reddit.com/gallery/10xmuqd,427,64,1675921677.0,srilanka,0.98,Nalandajay,633,1431.5450787119898,gallery,
rjuh9j,"Graduation ceremony, University of Colombo.",https://www.reddit.com/r/srilanka/comments/rjuh9j/graduation_ceremony_university_of_colombo/,https://gfycat.com/idolizedgracefulblackandtancoonhound,434,94,1639911479.0,srilanka,0.98,Ehansaja,1085546,3194.8686088045824,video,
vbwbju,Prabhakaran always reminded me of Super Mario so I thought why not?,https://www.reddit.com/r/srilanka/comments/vbwbju/prabhakaran_always_reminded_me_of_super_mario_so/,https://i.redd.it/2h7s7ktlxi591.jpg,426,259,1655185161.0,srilanka,0.92,,,,image,
u32ers,Found this on an Indian Subreddit today,https://www.reddit.com/r/srilanka/comments/u32ers/found_this_on_an_indian_subreddit_today/,https://i.redd.it/fw2a275tidt81.jpg,424,32,1649889423.0,srilanka,0.99,AggravatingWeek3611,1310,,image,
q5qpb5,kinky stuff,https://www.reddit.com/r/srilanka/comments/q5qpb5/kinky_stuff/,https://i.redd.it/n0s0be13yrs71.jpg,421,44,1633937677.0,srilanka,0.99,confusedlankan,3503,1129.0693842675455,image,
vuxq9h,Galleface at the moment.,https://www.reddit.com/r/srilanka/comments/vuxq9h/galleface_at_the_moment/,https://i.redd.it/0wey7bnqdia91.jpg,414,8,1657357723.0,srilanka,1.0,Ehansaja,1085546,3194.8686088045824,image,
reihps,Double rainbow + Sripadaya shadow in middle. Once a lifetime view,https://www.reddit.com/r/srilanka/comments/reihps/double_rainbow_sripadaya_shadow_in_middle_once_a/,https://i.redd.it/wvi7wu5mx1581.jpg,414,55,1639288767.0,srilanka,0.99,Wonder_kid96,5792,1519.0191180638417,image,
sxz60w,Happy customer.,https://www.reddit.com/r/srilanka/comments/sxz60w/happy_customer/,https://i.redd.it/mlwgo9pk18j81.jpg,416,29,1645464637.0,srilanka,1.0,Ehansaja,1085546,3194.8686088045824,image,
ty3wkd,"Lonely, I'm Mr. Lonely",https://www.reddit.com/r/srilanka/comments/ty3wkd/lonely_im_mr_lonely/,https://i.redd.it/wqmjo8gj01s81.jpg,406,87,1649302216.0,srilanka,0.97,ashutosh172004,8127,1060.648701397175,image,
vshgx5,You never know until it happens to you,https://www.reddit.com/r/srilanka/comments/vshgx5/you_never_know_until_it_happens_to_you/,https://i.redd.it/y8mmznjbmv991.jpg,407,35,1657082124.0,srilanka,0.93,suchthegeek,14389,1746.9078333416194,image,
iq27rx,Hello! I have made this 3D render based on a 1982 geological map of Sri Lanka. I hope you like it.,https://www.reddit.com/r/srilanka/comments/iq27rx/hello_i_have_made_this_3d_render_based_on_a_1982/,https://i.redd.it/pfqqxa5xabm51.jpg,402,29,1599740357.0,srilanka,1.0,TheItinerarium,68465,1154.327902786064,image,
ltf3fk,SRI LANKAN DANCER YAMUNA SANGARASIVAM DANCED WITH MICHAEL JACKSON in the video BLACK OR WHITE ðŸ‡±ðŸ‡°,https://www.reddit.com/r/srilanka/comments/ltf3fk/sri_lankan_dancer_yamuna_sangarasivam_danced_with/,https://i.redd.it/g5lylgeavxj61.jpg,406,40,1614396216.0,srilanka,1.0,priyanbopitiya,581,,image,
xbp6mc,Sri Lanka won the Asia cricket championship 2022,https://www.reddit.com/r/srilanka/comments/xbp6mc/sri_lanka_won_the_asia_cricket_championship_2022/,https://i.redd.it/laaf6wmjr9n91.jpg,398,38,1662919381.0,srilanka,0.99,Chamatha_saz,10409,938.3344537119899,image,
ojf6wt,"Online education, Hamuduruwo and Hardships",https://www.reddit.com/r/srilanka/comments/ojf6wt/online_education_hamuduruwo_and_hardships/,https://i.redd.it/465m7o19bza71.jpg,395,33,1626181596.0,srilanka,0.99,ChandimaD,5724,909.6912824156935,image,
kijpqw,[Day 119] Posting a picture of a train from each country on their national subreddit.,https://www.reddit.com/r/srilanka/comments/kijpqw/day_119_posting_a_picture_of_a_train_from_each/,https://i.redd.it/hxzhwlofhu661.jpg,383,19,1608689211.0,srilanka,1.0,Majestic_Trains,85072,1619.5615370453231,image,
10pzvf1,"In Canada, we are black âœŠðŸ¿",https://www.reddit.com/r/srilanka/comments/10pzvf1/in_canada_we_are_black/,https://i.redd.it/jy2htfuwfffa1.jpg,378,92,1675173858.0,srilanka,0.96,,,,image,
r8sdfc,Sri Lankan cartoonist Awantha Artigala's view of Sialkot tragedy.,https://www.reddit.com/r/srilanka/comments/r8sdfc/sri_lankan_cartoonist_awantha_artigalas_view_of/,https://i.redd.it/4ihqakyerj381.jpg,384,41,1638632909.0,srilanka,0.97,brownmanta,7608,1755.3037824156936,image,
10kns91,The reason Sri Lanka will never progress and that we are in this situation.,https://www.reddit.com/r/srilanka/comments/10kns91/the_reason_sri_lanka_will_never_progress_and_that/,https://i.redd.it/fec51tej75ea1.jpg,384,140,1674614114.0,srilanka,0.95,TriAlpha,1627,359.3514676008787,image,
u5optf,Hats off to the people who came up with this!,https://www.reddit.com/r/srilanka/comments/u5optf/hats_off_to_the_people_who_came_up_with_this/,https://www.reddit.com/gallery/u5optf,382,35,1650207403.0,srilanka,0.99,ElvishBlackSmith,251822,3167.6793958416197,gallery,
teofep,"I'm not sure if this has been posted here before, but it's accurate AF!!",https://www.reddit.com/r/srilanka/comments/teofep/im_not_sure_if_this_has_been_posted_here_before/,https://i.redd.it/chc56k88pjn81.jpg,377,46,1647349137.0,srilanka,0.98,AhamedLK,3475,1223.3799976934713,image,
zft8gr,Eletric train system in Sri Lanka,https://www.reddit.com/r/srilanka/comments/zft8gr/eletric_train_system_in_sri_lanka/,https://i.redd.it/nk93o1xowm4a1.png,370,49,1670487913.0,srilanka,0.97,RedditttName,1326,445.1605416749528,image,
uca2hf,very very soon ðŸ˜€,https://www.reddit.com/r/srilanka/comments/uca2hf/very_very_soon/,https://i.redd.it/ldb7s8d8wuv81.jpg,367,14,1650971479.0,srilanka,0.99,chamandana,31376,2619.310425934212,image,
judrzl,Tin Tin in Sri Lanka,https://www.reddit.com/r/srilanka/comments/judrzl/tin_tin_in_sri_lanka/,https://www.reddit.com/gallery/judrzl,365,39,1605404938.0,srilanka,0.99,,,,gallery,
10hhvd6,Velma and the Mystery Gang in a Sri Lankan remake,https://www.reddit.com/r/srilanka/comments/10hhvd6/velma_and_the_mystery_gang_in_a_sri_lankan_remake/,https://i.redd.it/uzhq2iawibda1.jpg,366,51,1674272876.0,srilanka,0.94,Creepy_Branch_5532,26281,966.3772314897676,image,
x9r9rw,Why? why tf do we have to fly our flags half mast and have a period of National Mourning following the death of literal colonizer and foreign ruler whose ancestors invaded our country and slaved our people? just why?,https://www.reddit.com/r/srilanka/comments/x9r9rw/why_why_tf_do_we_have_to_fly_our_flags_half_mast/,https://i.redd.it/0snfdxpijum91.jpg,359,223,1662717078.0,srilanka,0.78,GumzwardJitzlord,560,,image,
go1m7k,Come on guys...,https://www.reddit.com/r/srilanka/comments/go1m7k/come_on_guys/,https://i.redd.it/e5rut5c8p5051.jpg,361,148,1590083545.0,srilanka,0.99,,,,image,
js2ktc,(OC) Medusa x Naga Raksha. Felt like they would make a cute pair! â™¥ï¸,https://www.reddit.com/r/srilanka/comments/js2ktc/oc_medusa_x_naga_raksha_felt_like_they_would_make/,https://i.redd.it/kga1qx8mvjy51.jpg,356,31,1605074021.0,srilanka,0.99,sakkiliya,11249,2028.9011435268046,image,
x7iny0,Won against India,https://www.reddit.com/r/srilanka/comments/x7iny0/won_against_india/,https://i.redd.it/4mqp73owcam91.jpg,355,61,1662490716.0,srilanka,0.98,NiknHitpn,9628,1019.0231921379158,image,
q5suvn,School Life Srilanka ðŸ¥ºâ¤ï¸,https://www.reddit.com/r/srilanka/comments/q5suvn/school_life_srilanka/,https://v.redd.it/7rccdme5sss71,359,54,1633947825.0,srilanka,1.0,Buddhika95,1231,908.1664213045824,video,
opxzdi,Religion hinders progress... In every fuckin way..,https://www.reddit.com/r/srilanka/comments/opxzdi/religion_hinders_progress_in_every_fuckin_way/,https://i.redd.it/manw4v5y8xc71.jpg,354,69,1627028298.0,srilanka,0.97,Gitmurr,110580,1700.5350555638418,image,
rhllnt,Anyone ready for the new flag?,https://www.reddit.com/r/srilanka/comments/rhllnt/anyone_ready_for_the_new_flag/,https://i.redd.it/w5ggr6d1yu581.png,349,165,1639640013.0,srilanka,0.94,aCocaineDealer,1201,,image,
11qd8l3,Ah yes my favourite store,https://www.reddit.com/r/srilanka/comments/11qd8l3/ah_yes_my_favourite_store/,https://i.redd.it/89qbfqr52jna1.jpg,342,28,1678722456.0,srilanka,0.99,Massive-Ad-93,185,534.1921851934713,image,
u3lnwy,Sri Lankans protesters are an example to the world.,https://www.reddit.com/r/srilanka/comments/u3lnwy/sri_lankans_protesters_are_an_example_to_the_world/,https://v.redd.it/tyjd4npuvit81,346,55,1649954406.0,srilanka,0.95,j_m_v_r_p,2480,,video,
tkl8mr,Please consider this. Thank you.,https://www.reddit.com/r/srilanka/comments/tkl8mr/please_consider_this_thank_you/,https://i.redd.it/tbqg642322p81.jpg,346,68,1648007230.0,srilanka,0.97,No_Grass_3728,3412,1006.210726860138,image,
pchnee,"The mods took down my first post, so here it is again with an explanation why it's relevant to Sri Lanka: my tattoo of the most Lankan brand logo ever - TipiTip!",https://www.reddit.com/r/srilanka/comments/pchnee/the_mods_took_down_my_first_post_so_here_it_is/,https://i.redd.it/5te7pg7rfuj71.jpg,350,78,1630045202.0,srilanka,0.99,nopineapplesforu,3612,2791.030564823101,image,
15iiz1z,"This is a public toilet at a railway station in Sri Lanka. Free, no charge. Should more public toilets in Sri Lanka look like this? ðŸ«£",https://www.reddit.com/r/srilanka/comments/15iiz1z/this_is_a_public_toilet_at_a_railway_station_in/,https://i.redd.it/bjhjd3g197gb1.jpg,343,81,1691201061.0,srilanka,0.99,BigCharlie16,1014,426.20335417495284,image,
t4z7lp,Our economy go brr,https://www.reddit.com/r/srilanka/comments/t4z7lp/our_economy_go_brr/,https://i.redd.it/65nu0baityk81.jpg,343,19,1646224632.0,srilanka,0.97,Chanku-kun,25945,1198.001687508286,image,
10zbi0q,"Pursuing progress, not cool.",https://www.reddit.com/r/srilanka/comments/10zbi0q/pursuing_progress_not_cool/,https://i.redd.it/77jfkt5rfhha1.jpg,344,30,1676087706.0,srilanka,0.92,Creepy_Branch_5532,26281,966.3772314897676,image,
t3chg1,A photo of a comedian who became a leader and a leader who became the joke.,https://www.reddit.com/r/srilanka/comments/t3chg1/a_photo_of_a_comedian_who_became_a_leader_and_a/,https://i.redd.it/dhu2codlvjk81.jpg,343,64,1646043731.0,srilanka,0.97,stadenerino,18925,2197.5268495453233,image,
yocxl9,Reminder that Kusal Mendis killed a 74 year old man in a car accident and nothing happened and no one cared.,https://www.reddit.com/r/srilanka/comments/yocxl9/reminder_that_kusal_mendis_killed_a_74_year_old/,https://i.imgur.com/bs0uIWB.jpg,341,43,1667796219.0,srilanka,0.97,PaxSriLanka,38,,image,
xbeis0,Sri Lanka won the Asia women's netball championship,https://www.reddit.com/r/srilanka/comments/xbeis0/sri_lanka_won_the_asia_womens_netball_championship/,https://i.redd.it/sxbe3c27c7n91.jpg,339,16,1662890003.0,srilanka,0.99,Chamatha_saz,10409,938.3344537119899,image,
vv7es9,"We did it boys, Gota is no more!",https://www.reddit.com/r/srilanka/comments/vv7es9/we_did_it_boys_gota_is_no_more/,https://i.redd.it/3znk9epj1la91.jpg,340,38,1657389893.0,srilanka,0.99,BigFloppaJr,233,,image,
10vyq8r,So Sri Lankans making Beyonce's clothing line! wow,https://www.reddit.com/r/srilanka/comments/10vyq8r/so_sri_lankans_making_beyonces_clothing_line_wow/,https://i.redd.it/z9mh1618dsga1.jpg,332,56,1675766182.0,srilanka,0.98,hasitha1989,327,1769.7234467675455,image,
vl42ig,Come on Guys . You can do better .,https://www.reddit.com/r/srilanka/comments/vl42ig/come_on_guys_you_can_do_better/,https://i.redd.it/rizr80utpy791.jpg,335,102,1656247904.0,srilanka,0.9,Silent_Knight16,56732,644.0499861193972,image,
tvzilb,Ven. Battaramulle Seelarathana Thero was requested to leave by protestors when he attempted to join the protest in Battaramulla.,https://www.reddit.com/r/srilanka/comments/tvzilb/ven_battaramulle_seelarathana_thero_was_requested/,https://v.redd.it/ofs1b18cxhr81,333,66,1649071056.0,srilanka,0.99,EcstaticTadpole6866,2073,1041.3615601934714,video,
bfn4f2,"Bomb blasts done by Muslims, Buddhist, Tamils or Catholics ??? No !!! Itâ€™s done by terrorist. STAY TOGETHER & HELP ONE ANOTHER",https://www.reddit.com/r/srilanka/comments/bfn4f2/bomb_blasts_done_by_muslims_buddhist_tamils_or/,https://i.redd.it/6jcya7126lt21.jpg,329,0,1555838813.0,srilanka,0.87,LoneWolfShaz,14563,1589.9254027860638,image,
mv88xa,It's been two years! #neverfogetðŸ•¯ï¸ðŸ•¯ï¸,https://www.reddit.com/r/srilanka/comments/mv88xa/its_been_two_years_neverfoget/,https://i.redd.it/rnji70tpfgu61.jpg,328,24,1618979491.0,srilanka,1.0,asithc,1957,3045.58576158236,image,
13rnpkm,Sri Lanka's space programme in the 70s that never was. I used Midjourney to create these.,https://www.reddit.com/r/srilanka/comments/13rnpkm/sri_lankas_space_programme_in_the_70s_that_never/,https://www.reddit.com/gallery/13rnpkm,326,46,1685035454.0,srilanka,0.98,kazsivz,3689,2334.614326397175,gallery,
vz4195,"8 years later, aged like milk",https://www.reddit.com/r/srilanka/comments/vz4195/8_years_later_aged_like_milk/,https://i.redd.it/0wc6gknatib91.jpg,326,91,1657826619.0,srilanka,0.99,uncharteddarkside,15813,2188.5946620453233,image,
nahzx5,ASSEMBLE,https://www.reddit.com/r/srilanka/comments/nahzx5/assemble/,https://i.redd.it/z4p28ywmtmy61.jpg,320,20,1620800228.0,srilanka,0.99,SeafoodGiant2k,3700,840.7536782490268,image,
vuvobe,Two trains from Central and Northern lines.,https://www.reddit.com/r/srilanka/comments/vuvobe/two_trains_from_central_and_northern_lines/,https://i.redd.it/h0cdzp3bnha91.jpg,324,5,1657348890.0,srilanka,0.99,Ehansaja,1085546,3194.8686088045824,image,
qp7gnu,"Kottu. Is. God's. Food. (Also this is just for humour, please don't get offended)",https://www.reddit.com/r/srilanka/comments/qp7gnu/kottu_is_gods_food_also_this_is_just_for_humour/,https://i.redd.it/eylw2alccby71.jpg,320,83,1636351746.0,srilanka,0.98,YonalWijesuriya,53622,745.9597546379158,image,
mac5h9,This smile. True innocent love.,https://www.reddit.com/r/srilanka/comments/mac5h9/this_smile_true_innocent_love/,https://i.redd.it/rhe3ya0glho61.jpg,323,23,1616378439.0,srilanka,0.99,MrMacBro,117647,1316.087925934212,image,
kymr0j,Artist : Shashintha Dilhani,https://www.reddit.com/r/srilanka/comments/kymr0j/artist_shashintha_dilhani/,https://i.redd.it/ap8b2xqa8qb61.jpg,325,13,1610816954.0,srilanka,1.0,Putha,65532,3210.5695578786567,image,
xnthpt,"""Jesse, apita uyanna thiyanawa""",https://www.reddit.com/r/srilanka/comments/xnthpt/jesse_apita_uyanna_thiyanawa/,https://i.redd.it/jztjcqy9i1q91.jpg,314,28,1664126949.0,srilanka,1.0,YonalWijesuriya,53622,745.9597546379158,image,
ttrck4,Pro bono lawyers waiting for the arrested to arrive so that they can take up their cases. This reminds of The trial of chicago seven,https://www.reddit.com/r/srilanka/comments/ttrck4/pro_bono_lawyers_waiting_for_the_arrested_to/,https://i.redd.it/c4ve6jl3bxq81.png,317,15,1648821538.0,srilanka,1.0,lyanarishan,23364,1673.6918958416195,image,
km9zdq,Nothing in life comes easy,https://www.reddit.com/r/srilanka/comments/km9zdq/nothing_in_life_comes_easy/,https://i.redd.it/d59lm4wd03861.jpg,313,31,1609228288.0,srilanka,1.0,Kolamba_Kakka,1503,1037.7154375082862,image,
tynd3l,"A beggar from Tamil Nadu's Tuticorin has donated Rs 20,000 (INR) for the welfare of Sri Lanka which is in crisis. He has handedover the money to the dis. collector. In the past too he has contributed his money for the welfare of public. â¤ï¸ Source @TamilTheHindu",https://www.reddit.com/r/srilanka/comments/tynd3l/a_beggar_from_tamil_nadus_tuticorin_has_donated/,https://i.redd.it/rgd0wqmdd6s81.jpg,313,33,1649367000.0,srilanka,0.99,Refaimufeer,233722,2566.210217600879,image,
q9sh5e,Sri Lankan News channels blaming children's suicide on things like video games and movies instead of talking about the actual problem is just downright pathetic and shameful,https://www.reddit.com/r/srilanka/comments/q9sh5e/sri_lankan_news_channels_blaming_childrens/,https://www.reddit.com/r/srilanka/comments/q9sh5e/sri_lankan_news_channels_blaming_childrens/,308,83,1634448328.0,srilanka,0.99,theomegod,31029,1238.2864213045825,text,"Recently I've seen that teen suicide rates have risen in the country and I also see these news channels blame it on video games, movies and social media when the general problems are stress, parental abuse etc.  If this was any other country child protective services and other foundations would look into these problems but our culture's decline of mental health well being is just sad.

I'm not saying this because of some random reason . I'm saying it because I've experienced it. I'm not a subject of abuse but I'm a teen who suffered from depression because of being stuck inside and it made me feel really frustrated and I was in a very troubled place. But instead of locking my emotions away I looked into help and worked up a nerve to ask my parents to take me to a therapist. It's because I realized that [1/5 people suffer from mental illness and what's important is getting help](https://www.nimh.nih.gov/health/statistics/mental-illness). It really helped me and I think I would be in a very bad place if I wouldn't have gotten help. 

We must acknowledge these problems in our society and people who drive others to ending their lives should be in jail and we shouldn't just be like "" It was video games"". abuse,stress,anxiety,depression. They are all real problems so don't be afraid to talk about it."
ptpnn2,And also Nestomalt powder (sorry mom),https://www.reddit.com/r/srilanka/comments/ptpnn2/and_also_nestomalt_powder_sorry_mom/,https://i.redd.it/7qmifzrob7p71.jpg,310,59,1632380463.0,srilanka,0.99,SinCitySizzler,14504,1051.7050324156935,image,
oe5djv,Sawendra meca poddac balanna,https://www.reddit.com/r/srilanka/comments/oe5djv/sawendra_meca_poddac_balanna/,https://i.redd.it/ys960w3spd971.jpg,307,29,1625484304.0,srilanka,0.99,eternaldamnation2005,37881,1122.1740486193974,image,
10bemvn,"As his mother watches, a poor Sri Lankan young man drinks a cup of tea before heading out to his day job.",https://www.reddit.com/r/srilanka/comments/10bemvn/as_his_mother_watches_a_poor_sri_lankan_young_man/,https://i.redd.it/ei04bxsglxba1.jpg,306,42,1673668249.0,srilanka,0.95,Creepy_Branch_5532,26281,966.3772314897676,image,
xd56qd,A completely random post here but I think Atlas is one of the most valuable and underrated stationary brandsâ€™ rn in Sri Lanka considering everything this country has been through.,https://www.reddit.com/r/srilanka/comments/xd56qd/a_completely_random_post_here_but_i_think_atlas/,https://i.redd.it/3syqa6iu4mn91.jpg,305,75,1663069132.0,srilanka,0.99,ProvincialDiarrhea,1096,2056.1117685268046,image,
